{
  "train": {
    "MAE": 25.05362299823896,
    "RMSE": 83.06552165039321,
    "R2": 0.9608661477317089,
    "MAPE(%)": 5.394734702977562
  },
  "test": {
    "MAE": 56.761599325097784,
    "RMSE": 205.2821729982655,
    "R2": -81.50695646759819,
    "MAPE(%)": 13.576706481731172
  }
}