{
  "train": {
    "MAE": 25.796681665287092,
    "RMSE": 297.395874830366,
    "R2": 0.49837301890264996,
    "MAPE(%)": 3.50015694029333
  },
  "test": {
    "MAE": 40.36657013602666,
    "RMSE": 155.4577744088458,
    "R2": -46.31654074453109,
    "MAPE(%)": 9.531212940670862
  }
}