{
  "train": {
    "MAE": 4.774861565771429,
    "RMSE": 69.8597062672005,
    "R2": 0.9723200999123647,
    "MAPE(%)": 0.9616472160618287
  },
  "test": {
    "MAE": 11.191939881057365,
    "RMSE": 22.3323119557142,
    "R2": 0.023537731930992067,
    "MAPE(%)": 2.587845901399768
  }
}