{
  "train": {
    "MAE": 26.637614062044587,
    "RMSE": 324.4815058343115,
    "R2": 0.4028397307534496,
    "MAPE(%)": 3.6818222968527476
  },
  "test": {
    "MAE": 32.36307314892814,
    "RMSE": 173.4088409943519,
    "R2": -57.874951953669054,
    "MAPE(%)": 7.630820310512748
  }
}