{
  "train": {
    "MAE": 39.40519332885742,
    "RMSE": 335.6069594778988,
    "R2": 0.3611881732940674,
    "MAPE(%)": 6.812749803066254
  },
  "test": {
    "MAE": 40.88337707519531,
    "RMSE": 61.75991309283373,
    "R2": -6.467950344085693,
    "MAPE(%)": 9.70090627670288
  }
}